<ImportExportXml version="9.2.24023.204" SolutionPackageVersion="9.2" languagecode="1033" generatedBy="CrmLive" xmlns:xsi="http://www.w3.org/2001/XMLSchema-instance">
  <SolutionManifest>
    <UniqueName>Veriperk</UniqueName>
    <LocalizedNames>
      <LocalizedName description="Veriperk" languagecode="1033" />
    </LocalizedNames>
    <Descriptions />
    <Version>1.0.0.0</Version>
    <Managed>0</Managed>
    <Publisher>
      <UniqueName>kopr</UniqueName>
      <LocalizedNames>
        <LocalizedName description="kopr" languagecode="1033" />
      </LocalizedNames>
      <Descriptions />
      <EMailAddress xsi:nil="true"></EMailAddress>
      <SupportingWebsiteUrl xsi:nil="true"></SupportingWebsiteUrl>
      <CustomizationPrefix>kopr</CustomizationPrefix>
      <CustomizationOptionValuePrefix>53194</CustomizationOptionValuePrefix>
      <Addresses>
        <Address>
          <AddressNumber>1</AddressNumber>
          <AddressTypeCode>1</AddressTypeCode>
          <City xsi:nil="true"></City>
          <County xsi:nil="true"></County>
          <Country xsi:nil="true"></Country>
          <Fax xsi:nil="true"></Fax>
          <FreightTermsCode xsi:nil="true"></FreightTermsCode>
          <ImportSequenceNumber xsi:nil="true"></ImportSequenceNumber>
          <Latitude xsi:nil="true"></Latitude>
          <Line1 xsi:nil="true"></Line1>
          <Line2 xsi:nil="true"></Line2>
          <Line3 xsi:nil="true"></Line3>
          <Longitude xsi:nil="true"></Longitude>
          <Name xsi:nil="true"></Name>
          <PostalCode xsi:nil="true"></PostalCode>
          <PostOfficeBox xsi:nil="true"></PostOfficeBox>
          <PrimaryContactName xsi:nil="true"></PrimaryContactName>
          <ShippingMethodCode>1</ShippingMethodCode>
          <StateOrProvince xsi:nil="true"></StateOrProvince>
          <Telephone1 xsi:nil="true"></Telephone1>
          <Telephone2 xsi:nil="true"></Telephone2>
          <Telephone3 xsi:nil="true"></Telephone3>
          <TimeZoneRuleVersionNumber xsi:nil="true"></TimeZoneRuleVersionNumber>
          <UPSZone xsi:nil="true"></UPSZone>
          <UTCOffset xsi:nil="true"></UTCOffset>
          <UTCConversionTimeZoneCode xsi:nil="true"></UTCConversionTimeZoneCode>
        </Address>
        <Address>
          <AddressNumber>2</AddressNumber>
          <AddressTypeCode>1</AddressTypeCode>
          <City xsi:nil="true"></City>
          <County xsi:nil="true"></County>
          <Country xsi:nil="true"></Country>
          <Fax xsi:nil="true"></Fax>
          <FreightTermsCode xsi:nil="true"></FreightTermsCode>
          <ImportSequenceNumber xsi:nil="true"></ImportSequenceNumber>
          <Latitude xsi:nil="true"></Latitude>
          <Line1 xsi:nil="true"></Line1>
          <Line2 xsi:nil="true"></Line2>
          <Line3 xsi:nil="true"></Line3>
          <Longitude xsi:nil="true"></Longitude>
          <Name xsi:nil="true"></Name>
          <PostalCode xsi:nil="true"></PostalCode>
          <PostOfficeBox xsi:nil="true"></PostOfficeBox>
          <PrimaryContactName xsi:nil="true"></PrimaryContactName>
          <ShippingMethodCode>1</ShippingMethodCode>
          <StateOrProvince xsi:nil="true"></StateOrProvince>
          <Telephone1 xsi:nil="true"></Telephone1>
          <Telephone2 xsi:nil="true"></Telephone2>
          <Telephone3 xsi:nil="true"></Telephone3>
          <TimeZoneRuleVersionNumber xsi:nil="true"></TimeZoneRuleVersionNumber>
          <UPSZone xsi:nil="true"></UPSZone>
          <UTCOffset xsi:nil="true"></UTCOffset>
          <UTCConversionTimeZoneCode xsi:nil="true"></UTCConversionTimeZoneCode>
        </Address>
      </Addresses>
    </Publisher>
    <RootComponents>
      <RootComponent type="1" schemaName="contact" behavior="1" />
      <RootComponent type="1" schemaName="kopr_room" behavior="0" />
      <RootComponent type="20" id="{0c522c9c-eee8-ee11-a203-0022480bba07}" behavior="0" />
      <RootComponent type="20" id="{4f0e6204-eee8-ee11-a203-0022480bba07}" behavior="0" />
      <RootComponent type="29" id="{d98b74f0-b0d4-4e88-aabc-775763099650}" behavior="0" />
      <RootComponent type="31" id="{ef9bb5bf-f2e8-ee11-a203-0022480bba07}" behavior="0" />
      <RootComponent type="61" schemaName="kopr_checkin_checkout_validations" behavior="0" />
      <RootComponent type="91" id="{e7b1e27b-afb5-48c1-80f9-e074da1704d4}" schemaName="veriperkassignment, Version=1.0.0.0, Culture=neutral, PublicKeyToken=f73fbd254cc30a5d" behavior="0" />
      <RootComponent type="92" id="{00321370-fce8-ee11-a203-0022480bba07}" behavior="0" />
      <RootComponent type="92" id="{b09f19d5-fce8-ee11-a203-0022480bba07}" behavior="0" />
    </RootComponents>
    <MissingDependencies>
      <MissingDependency>
        <Required type="2" schemaName="correlatedsubjectchanged" displayName="Correlated subject changed" parentSchemaName="email" parentDisplayName="Email" solution="msft_ActivitiesInfra_Extensions (9.2.0.59)" />
        <Dependent type="29" displayName="Room_Check in reminder workflow" id="{d98b74f0-b0d4-4e88-aabc-775763099650}" />
      </MissingDependency>
      <MissingDependency>
        <Required type="2" schemaName="isduplicatesenderunresolved" displayName="Is Duplicate Sender Unresolved" parentSchemaName="email" parentDisplayName="Email" solution="msft_ActivitiesInfra_Extensions (9.2.0.59)" />
        <Dependent type="29" displayName="Room_Check in reminder workflow" id="{d98b74f0-b0d4-4e88-aabc-775763099650}" />
      </MissingDependency>
    </MissingDependencies>
  </SolutionManifest>
</ImportExportXml>